,release,capture_dates_range,vda_id,ffe_elev_status,ffe_ft,ffe_lhsm_ft,ffe_foundation
0,2,2/3/2020-2/23/2020,FMB1744,elevated,14.82364217,10.92268371,Wall
1,2,2/3/2020-2/23/2020,FMB2182,not-elevated,0.0,,Slab-on-Grade
2,2,2/3/2020-2/23/2020,FMB2222,not-elevated,0.0,,Slab-on-Grade
3,2,2/3/2020-2/23/2020,FMB1747,not-elevated,0.0,,Slab-on-Grade
4,2,2/3/2020-2/23/2020,FMB2223,not-elevated,0.0,,Slab-on-Grade
5,2,2/3/2020-2/23/2020,FMB1749,not-elevated,0.0,,Slab-on-Grade
6,2,2/3/2020-2/23/2020,FMB2771,elevated,8.150062422,7.043982522,Piles/Columns
7,2,2/3/2020-2/23/2020,FMB2224,not-elevated,0.0,,Slab-on-Grade
8,2,2/3/2020-2/23/2020,FMB1753,elevated,7.179060773,5.397790055,Piles/Columns
9,2,2/3/2020-2/23/2020,FMB1754,elevated,7.938706294,6.409230769,Wall
10,2,2/3/2020-2/23/2020,FMB1755,elevated,7.703724928,6.740759312,Piles/Columns
11,2,2/3/2020-2/23/2020,FMB2844,,,,
12,2,2/3/2020-2/23/2020,FMB2184,not-elevated,0.0,,Slab-on-Grade
13,2,2/3/2020-2/23/2020,FMB2185,not-elevated,0.0,,Slab-on-Grade
14,2,2/3/2020-2/23/2020,FMB2225,elevated,7.150760234,5.729775828,Wall
15,2,2/3/2020-2/23/2020,FMB3355,elevated,8.253846154,6.067692308,Piles/Columns
16,2,2/3/2020-2/23/2020,FMB2226,elevated,9.30042735,7.307478632,Piles/Columns
17,2,2/3/2020-2/23/2020,FMB1759,elevated,6.729422067,5.652714536,Piles/Columns
18,2,2/3/2020-2/23/2020,FMB1760,elevated,7.36,6.133333333,Piles/Columns
19,2,2/3/2020-2/23/2020,FMB1761,elevated,8.614197002,8.273040685,Piles/Columns
20,2,2/3/2020-2/23/2020,FMB1762,not-elevated,0.0,,Slab-on-Grade
21,2,2/3/2020-2/23/2020,FMB2227,elevated,10.2,8.666666667,Wall
22,2,2/3/2020-2/23/2020,FMB1763,elevated,10.87150259,7.665803109,Wall
23,2,2/3/2020-2/23/2020,FMB1764,elevated,9.420272572,8.563884157,Piles/Columns
24,2,2/3/2020-2/23/2020,FMB1766,elevated,7.838950276,6.793756906,Piles/Columns
25,2,2/3/2020-2/23/2020,,,,,
26,2,2/3/2020-2/23/2020,FMB3218,not-elevated,8.891489362,18.32735562,Slab-on-Grade
27,2,2/3/2020-2/23/2020,FMB3020,elevated,3.808918367,2.026020408,Crawlspace
28,2,2/3/2020-2/23/2020,FMB2186,not-elevated,0.0,,Slab-on-Grade
29,2,2/3/2020-2/23/2020,FMB2187,,,,
30,2,2/3/2020-2/23/2020,FMB2188,elevated,9.854489016,7.382282713,Wall
31,2,2/3/2020-2/23/2020,FMB2228,elevated,8.680970874,5.736548004,Wall
32,2,2/3/2020-2/23/2020,FMB2189,elevated,9.150326797,7.930283224,Piles/Columns
33,2,2/3/2020-2/23/2020,FMB1777,elevated,5.507608696,5.201630435,Piles/Columns
34,2,2/3/2020-2/23/2020,FMB2229,elevated,7.595870647,6.19159204,Piles/Columns
35,2,2/3/2020-2/23/2020,FMB2772,elevated,7.780673712,6.684068692,Piles/Columns
36,2,2/3/2020-2/23/2020,FMB2773,elevated,7.707029289,6.629351464,Wall
37,2,2/3/2020-2/23/2020,FMB1778,elevated,8.635913186,6.357502048,Piles/Columns
38,2,2/3/2020-2/23/2020,FMB2183,not-elevated,3.298814655,,Crawlspace
39,2,2/3/2020-2/23/2020,FMB1781,elevated,9.283926941,7.083105023,Piles/Columns
40,2,2/3/2020-2/23/2020,FMB1782,elevated,8.442150538,17.07274194,Wall
41,2,2/3/2020-2/23/2020,FMB1784,elevated,0.516853933,,Slab-on-Grade
42,2,2/3/2020-2/23/2020,FMB2190,elevated,3.095022624,,Slab-on-Grade
43,2,2/3/2020-2/23/2020,FMB2191,elevated,9.137142857,8.097142857,Piles/Columns
44,2,2/3/2020-2/23/2020,FMB2230,elevated,7.659885387,6.711518625,Wall
45,2,2/3/2020-2/23/2020,FMB2231,not-elevated,0.0,,Slab-on-Grade
46,2,2/3/2020-2/23/2020,FMB2232,not-elevated,0.0,6.61011976,Slab-on-Grade
47,2,2/3/2020-2/23/2020,FMB1788,elevated,8.598012471,,Piles/Columns
48,2,2/3/2020-2/23/2020,FMB1789,not-elevated,0.0,,Slab-on-Grade
49,2,2/3/2020-2/23/2020,FMB2774,elevated,8.328210784,,Piles/Columns
50,2,2/3/2020-2/23/2020,FMB1790,elevated,14.45197368,11.82434211,Wall
51,2,2/3/2020-2/23/2020,FMB2775,elevated,7.085783133,6.037590361,Wall
52,2,2/3/2020-2/23/2020,FMB1791,elevated,7.747794562,6.328867069,Piles/Columns
53,2,2/3/2020-2/23/2020,FMB2776,elevated,13.8405303,7.4875,Wall
54,2,2/3/2020-2/23/2020,FMB1792,not-elevated,0.0,,Slab-on-Grade
55,2,2/3/2020-2/23/2020,FMB1793,elevated,12.17417989,10.83798942,Piles/Columns
56,2,2/3/2020-2/23/2020,FMB2192,elevated,8.194552529,6.793774319,Piles/Columns
57,2,2/3/2020-2/23/2020,FMB2233,,,,
58,2,2/3/2020-2/23/2020,FMB2234,,,,
59,2,2/3/2020-2/23/2020,FMB3115,elevated,11.43137255,8.62745098,Piles/Columns
60,2,2/3/2020-2/23/2020,FMB1799,elevated,3.539632546,1.844899388,Crawlspace
61,2,2/3/2020-2/23/2020,FMB1800,elevated,8.838477306,7.897101025,Wall
62,2,2/3/2020-2/23/2020,FMB2235,elevated,7.675244444,5.897362963,Piles/Columns
63,2,2/3/2020-2/23/2020,FMB1801,elevated,7.673483948,6.363376932,Piles/Columns
64,2,2/3/2020-2/23/2020,FMB3021,elevated,16.30522088,15.25100402,Piles/Columns
65,2,2/3/2020-2/23/2020,FMB1802,not-elevated,0.0,,Slab-on-Grade
66,2,2/3/2020-2/23/2020,FMB2432,elevated,3.228961832,2.026015267,Crawlspace
67,2,2/3/2020-2/23/2020,FMB2193,elevated,10.76156584,,Wall
68,2,2/3/2020-2/23/2020,FMB2236,elevated,8.897239057,7.324882155,Piles/Columns
69,2,2/3/2020-2/23/2020,FMB1566,,,,
70,2,2/3/2020-2/23/2020,FMB2237,elevated,7.544774127,6.062176591,Piles/Columns
71,2,2/3/2020-2/23/2020,FMB2777,elevated,9.034396552,6.039568966,Wall
72,2,2/3/2020-2/23/2020,FMB2778,elevated,8.867448747,8.270159453,Wall
73,2,2/3/2020-2/23/2020,FMB2779,elevated,8.416761434,6.771025958,Piles/Columns
74,2,2/3/2020-2/23/2020,FMB2238,not-elevated,0.0,,Slab-on-Grade
75,2,2/3/2020-2/23/2020,FMB2239,elevated,8.65014245,7.225413105,Wall
76,2,2/3/2020-2/23/2020,FMB2240,elevated,9.375,,Wall
77,2,2/3/2020-2/23/2020,FMB2241,elevated,7.021203566,5.714933135,Piles/Columns
78,2,2/3/2020-2/23/2020,FMB3142,elevated,15.45625304,8.97459854,Piles/Columns
79,2,2/3/2020-2/23/2020,FMB2242,elevated,8.287776224,7.993286713,Piles/Columns
80,2,2/3/2020-2/23/2020,FMB2243,,,,
81,2,2/3/2020-2/23/2020,FMB1817,elevated,9.153846154,8.186153846,Piles/Columns
82,2,2/3/2020-2/23/2020,FMB2244,elevated,9.810717017,7.024015296,Piles/Columns
83,2,2/3/2020-2/23/2020,FMB1818,not-elevated,0.0,,Slab-on-Grade
84,2,2/3/2020-2/23/2020,FMB2194,elevated,9.013953488,,Wall
85,2,2/3/2020-2/23/2020,FMB2245,elevated,8.856825749,6.376914539,Piles/Columns
86,2,2/3/2020-2/23/2020,FMB2246,elevated,9.108424437,7.015948553,Piles/Columns
87,2,2/3/2020-2/23/2020,FMB1822,elevated,6.826934097,5.347765043,Wall
88,2,2/3/2020-2/23/2020,,,,,
89,2,2/3/2020-2/23/2020,FMB2247,elevated,9.22323049,6.818602541,Wall
90,2,2/3/2020-2/23/2020,,,,,
91,2,2/3/2020-2/23/2020,FMB2248,not-elevated,0.0,,Slab-on-Grade
92,2,2/3/2020-2/23/2020,FMB1825,not-elevated,0.0,,Slab-on-Grade
93,2,2/3/2020-2/23/2020,FMB1826,not-elevated,0.0,,Slab-on-Grade
94,2,2/3/2020-2/23/2020,FMB2195,elevated,8.235294118,,Wall
95,2,2/3/2020-2/23/2020,FMB2249,elevated,8.262912874,6.381924577,Wall
96,2,2/3/2020-2/23/2020,,,,,
97,2,2/3/2020-2/23/2020,FMB2250,elevated,8.387563636,5.780618182,Piles/Columns
98,2,2/3/2020-2/23/2020,FMB3022,elevated,8.474876289,5.738474227,Piles/Columns
99,2,2/3/2020-2/23/2020,FMB2251,elevated,8.040930506,6.09057715,Piles/Columns
100,2,2/3/2020-2/23/2020,FMB2252,not-elevated,0.0,,Slab-on-Grade
101,2,2/3/2020-2/23/2020,FMB2253,elevated,8.767494457,8.14421286,Wall
102,2,2/3/2020-2/23/2020,FMB2780,elevated,7.087864078,5.944660194,Wall
103,2,2/3/2020-2/23/2020,FMB2451,elevated,6.212535971,5.700161871,Piles/Columns
104,2,2/3/2020-2/23/2020,FMB3116,elevated,18.04511278,,Wall
105,2,2/3/2020-2/23/2020,FMB2254,not-elevated,0.0,,Slab-on-Grade
106,2,2/3/2020-2/23/2020,FMB3023,elevated,5.546273408,4.633595506,Piles/Columns
107,2,2/3/2020-2/23/2020,,,,,
108,2,2/3/2020-2/23/2020,FMB2255,elevated,8.125,,Piles/Columns
109,2,2/3/2020-2/23/2020,FMB2256,,,,
110,2,2/3/2020-2/23/2020,FMB1838,elevated,6.259130435,5.917101449,Piles/Columns
111,2,2/3/2020-2/23/2020,FMB2257,elevated,8.413265045,6.939974392,Piles/Columns
112,2,2/3/2020-2/23/2020,FMB2258,not-elevated,1.827355623,,Slab-on-Grade
113,2,2/3/2020-2/23/2020,FMB3024,elevated,7.687182045,6.800199501,Piles/Columns
114,2,2/3/2020-2/23/2020,FMB1593,not-elevated,0.0,,Slab-on-Grade
115,2,2/3/2020-2/23/2020,FMB2259,,,,
116,2,2/3/2020-2/23/2020,FMB1843,,,,
117,2,2/3/2020-2/23/2020,FMB2849,elevated,7.037210256,6.086235897,Piles/Columns
118,2,2/3/2020-2/23/2020,FMB2196,elevated,11.16899696,9.99331307,Piles/Columns
119,2,2/3/2020-2/23/2020,FMB3025,elevated,11.28965385,8.488461538,Piles/Columns
120,2,2/3/2020-2/23/2020,FMB2260,elevated,7.261132867,5.43593007,Wall
121,2,2/3/2020-2/23/2020,FMB1847,elevated,3.490617577,3.094774347,Crawlspace
122,2,2/3/2020-2/23/2020,FMB3026,elevated,7.154591549,3.957859155,Piles/Columns
123,2,2/3/2020-2/23/2020,FMB2460,not-elevated,0.0,,Slab-on-Grade
124,2,2/3/2020-2/23/2020,FMB2197,elevated,6.058171745,,Wall
125,2,2/3/2020-2/23/2020,FMB2781,elevated,9.984353481,6.967804132,Wall
126,2,2/3/2020-2/23/2020,FMB3219,not-elevated,11.22069519,,Slab-on-Grade
127,2,2/3/2020-2/23/2020,FMB1856,not-elevated,0.0,,Slab-on-Grade
128,2,2/3/2020-2/23/2020,FMB2198,elevated,10.15384615,,Wall
129,2,2/3/2020-2/23/2020,FMB2199,elevated,,,Piles/Columns
130,2,2/3/2020-2/23/2020,FMB2261,elevated,9.57216,7.19264,Piles/Columns
131,2,2/3/2020-2/23/2020,FMB2262,elevated,6.584025618,3.938389753,Wall
132,2,2/3/2020-2/23/2020,FMB2200,elevated,9.783972125,,Wall
133,2,2/3/2020-2/23/2020,FMB2263,elevated,7.030390335,5.918866171,Wall
134,2,2/3/2020-2/23/2020,FMB2264,not-elevated,0.0,,Slab-on-Grade
135,2,2/3/2020-2/23/2020,FMB3027,elevated,6.650165017,4.962046205,Piles/Columns
136,2,2/3/2020-2/23/2020,FMB1861,elevated,8.508243352,7.174198227,Piles/Columns
137,2,2/3/2020-2/23/2020,FMB1864,elevated,10.625,,Wall
138,2,2/3/2020-2/23/2020,FMB1865,elevated,8.060183673,6.181122449,Wall
139,2,2/3/2020-2/23/2020,FMB1868,elevated,9.131236476,6.979289026,Wall
140,2,2/3/2020-2/23/2020,FMB2265,elevated,8.385357143,7.225119048,Wall
141,2,2/3/2020-2/23/2020,FMB1869,elevated,9.916468254,7.717599206,Piles/Columns
142,2,2/3/2020-2/23/2020,FMB2201,not-elevated,0.0,,Slab-on-Grade
143,2,2/3/2020-2/23/2020,FMB2266,elevated,7.199801587,4.039583333,Wall
144,2,2/3/2020-2/23/2020,FMB2202,elevated,11.00866667,8.368833333,Piles/Columns
145,2,2/3/2020-2/23/2020,FMB2267,elevated,10.1484507,7.168350101,Wall
146,2,2/3/2020-2/23/2020,FMB3019,elevated,5.749547368,3.615694737,Crawlspace
147,2,2/3/2020-2/23/2020,FMB1879,elevated,12.27038328,10.19233449,Wall
148,2,2/3/2020-2/23/2020,FMB1880,elevated,9.026740576,7.24368071,Piles/Columns
149,2,2/3/2020-2/23/2020,FMB2203,elevated,11.32016632,9.467775468,Piles/Columns
150,2,2/3/2020-2/23/2020,FMB2204,elevated,9.375,,Wall
151,2,2/3/2020-2/23/2020,FMB1885,not-elevated,0.0,,Slab-on-Grade
152,2,2/3/2020-2/23/2020,FMB2205,not-elevated,0.0,,Slab-on-Grade
153,2,2/3/2020-2/23/2020,FMB2206,not-elevated,0.0,,Crawlspace
154,2,2/3/2020-2/23/2020,FMB1889,elevated,8.257745455,5.906581818,Wall
155,2,2/3/2020-2/23/2020,FMB2853,elevated,17.31349448,15.27353591,Piles/Columns
156,2,2/3/2020-2/23/2020,FMB2268,not-elevated,0.0,,Slab-on-Grade
157,2,2/3/2020-2/23/2020,FMB3028,elevated,11.42518987,8.946139241,Wall
158,2,2/3/2020-2/23/2020,FMB2269,not-elevated,0.0,,Slab-on-Grade
159,2,2/3/2020-2/23/2020,FMB2270,elevated,8.125,,Wall
160,2,2/3/2020-2/23/2020,FMB2271,elevated,8.611756098,7.21104878,Piles/Columns
161,2,2/3/2020-2/23/2020,FMB2782,elevated,10.06992847,7.212246066,Wall
162,2,2/3/2020-2/23/2020,FMB2272,elevated,8.4899642,6.316205251,Piles/Columns
163,2,2/3/2020-2/23/2020,FMB1892,not-elevated,0.0,,Slab-on-Grade
164,2,2/3/2020-2/23/2020,FMB3188,elevated,8.161111111,7.383862434,Wall
165,2,2/3/2020-2/23/2020,FMB1893,not-elevated,0.0,,Slab-on-Grade
166,2,2/3/2020-2/23/2020,FMB2783,elevated,7.570730159,5.838444444,Piles/Columns
167,2,2/3/2020-2/23/2020,FMB2784,elevated,6.647843137,5.567568627,Piles/Columns
168,2,2/3/2020-2/23/2020,FMB3029,elevated,,,Piles/Columns
169,2,2/3/2020-2/23/2020,FMB1897,elevated,6.65101473,5.382324059,Piles/Columns
170,2,2/3/2020-2/23/2020,FMB2207,elevated,9.792746114,8.704663212,Piles/Columns
171,2,2/3/2020-2/23/2020,FMB2208,elevated,3.75,,Crawlspace
172,2,2/3/2020-2/23/2020,FMB3117,elevated,17.24355972,,Wall
173,2,2/3/2020-2/23/2020,FMB2273,elevated,6.5325,5.318125,Piles/Columns
174,2,2/3/2020-2/23/2020,FMB2274,not-elevated,0.0,,Slab-on-Grade
175,2,2/3/2020-2/23/2020,FMB2275,elevated,7.632432432,6.249054054,Wall
176,2,2/3/2020-2/23/2020,FMB2276,elevated,6.684972414,5.628241379,Piles/Columns
177,2,2/3/2020-2/23/2020,FMB3030,elevated,8.368820961,7.295895197,Wall
178,2,2/3/2020-2/23/2020,FMB1899,not-elevated,0.0,,Slab-on-Grade
179,2,2/3/2020-2/23/2020,FMB2209,,,,
180,2,2/3/2020-2/23/2020,FMB2210,elevated,11.81072555,,Wall
181,2,2/3/2020-2/23/2020,FMB2211,elevated,6.338028169,5.855130785,Piles/Columns
182,2,2/3/2020-2/23/2020,FMB2277,elevated,6.81527745,6.235253837,Piles/Columns
183,2,2/3/2020-2/23/2020,FMB2278,elevated,7.037727273,5.533939394,Piles/Columns
184,2,2/3/2020-2/23/2020,FMB2279,not-elevated,0.0,,Slab-on-Grade
185,2,2/3/2020-2/23/2020,FMB2280,elevated,7.381887477,6.017168784,Wall
186,2,2/3/2020-2/23/2020,FMB2281,elevated,9.987692308,7.134065934,Wall
187,2,2/3/2020-2/23/2020,FMB1903,elevated,8.078144654,6.812893082,Wall
188,2,2/3/2020-2/23/2020,FMB2785,elevated,6.371350614,5.700682128,Piles/Columns
189,2,2/3/2020-2/23/2020,FMB3031,elevated,8.189473684,5.410902256,Piles/Columns
190,2,2/3/2020-2/23/2020,FMB2212,elevated,8.932270916,7.948207171,Piles/Columns
191,2,2/3/2020-2/23/2020,FMB2213,elevated,7.868852459,6.557377049,Piles/Columns
192,2,2/3/2020-2/23/2020,FMB2282,elevated,9.660308597,8.634121969,Wall
193,2,2/3/2020-2/23/2020,FMB2283,elevated,7.257979798,,Wall
194,2,2/3/2020-2/23/2020,FMB2786,elevated,5.603091787,4.457004831,Wall
195,2,2/3/2020-2/23/2020,FMB2787,elevated,8.434793983,6.885546109,Piles/Columns
196,2,2/3/2020-2/23/2020,FMB2788,elevated,7.33842623,6.073180328,Wall
197,2,2/3/2020-2/23/2020,FMB1908,,,,
198,2,2/3/2020-2/23/2020,FMB3032,elevated,6.640406977,4.82369186,Piles/Columns
199,2,2/3/2020-2/23/2020,FMB2214,elevated,9.480314961,7.937007874,Piles/Columns
200,2,2/3/2020-2/23/2020,FMB2284,elevated,,,Piles/Columns
201,2,2/3/2020-2/23/2020,FMB1910,elevated,7.941874106,6.921816881,Wall
202,2,2/3/2020-2/23/2020,FMB3033,not-elevated,7.408032596,7.806926659,Wall
203,2,2/3/2020-2/23/2020,FMB1913,elevated,8.384286699,7.002012405,Piles/Columns
204,2,2/3/2020-2/23/2020,FMB2789,elevated,6.763170732,5.821463415,Wall
205,2,2/3/2020-2/23/2020,FMB1915,not-elevated,0.0,,Slab-on-Grade
206,2,2/3/2020-2/23/2020,FMB2285,not-elevated,0.0,,Slab-on-Grade
207,2,2/3/2020-2/23/2020,FMB1918,elevated,9.182389937,,Wall
208,2,2/3/2020-2/23/2020,FMB3034,elevated,8.602035928,6.818203593,Piles/Columns
209,2,2/3/2020-2/23/2020,FMB3035,elevated,5.123770492,3.559672131,Piles/Columns
210,2,2/3/2020-2/23/2020,FMB1921,elevated,6.421823204,5.844198895,Wall
211,2,2/3/2020-2/23/2020,FMB1923,elevated,7.942982456,6.989824561,Wall
212,2,2/3/2020-2/23/2020,FMB2286,elevated,12.1067033,9.195549451,Wall
213,2,2/3/2020-2/23/2020,FMB2287,elevated,10.40018484,,Piles/Columns
214,2,2/3/2020-2/23/2020,FMB2288,elevated,6.287226075,5.338210818,Wall
215,2,2/3/2020-2/23/2020,FMB2790,elevated,7.664680851,6.650237797,Piles/Columns
216,2,2/3/2020-2/23/2020,FMB1926,elevated,9.360822511,6.631904762,Wall
217,2,2/3/2020-2/23/2020,FMB1934,elevated,,,Wall
218,2,2/3/2020-2/23/2020,FMB1935,elevated,10.18674735,6.7002118,Piles/Columns
219,2,2/3/2020-2/23/2020,FMB2858,elevated,12.04540031,10.31795918,Piles/Columns
220,2,2/3/2020-2/23/2020,FMB2791,elevated,8.914974874,7.395376884,Wall
221,2,2/3/2020-2/23/2020,FMB2215,elevated,3.049853372,,Crawlspace
222,2,2/3/2020-2/23/2020,FMB2216,not-elevated,0.0,,Slab-on-Grade
223,2,2/3/2020-2/23/2020,FMB2217,elevated,12.03529412,10.38529412,Piles/Columns
224,2,2/3/2020-2/23/2020,FMB2289,elevated,14.31189189,12.58756757,Wall
225,2,2/3/2020-2/23/2020,FMB1940,not-elevated,0.0,,Slab-on-Grade
226,2,2/3/2020-2/23/2020,FMB2792,elevated,7.071320755,5.592115903,Piles/Columns
227,2,2/3/2020-2/23/2020,FMB2218,elevated,8.839160839,8.335664336,Piles/Columns
228,2,2/3/2020-2/23/2020,FMB2290,elevated,5.890540541,4.824633205,Piles/Columns
229,2,2/3/2020-2/23/2020,FMB2291,elevated,8.584017467,8.06768559,Wall
230,2,2/3/2020-2/23/2020,FMB1943,elevated,10.16756757,8.054826255,Wall
231,2,2/3/2020-2/23/2020,FMB1944,not-elevated,0.0,,Slab-on-Grade
232,2,2/3/2020-2/23/2020,,,,,
233,2,2/3/2020-2/23/2020,FMB2292,elevated,6.795125448,5.552114695,Piles/Columns
234,2,2/3/2020-2/23/2020,FMB1947,not-elevated,0.0,,Slab-on-Grade
235,2,2/3/2020-2/23/2020,FMB2293,not-elevated,0.0,,Slab-on-Grade
236,2,2/3/2020-2/23/2020,FMB2294,elevated,8.368680089,7.015659955,Wall
237,2,2/3/2020-2/23/2020,FMB2219,elevated,8.012345679,,Wall
238,2,2/3/2020-2/23/2020,FMB2295,elevated,7.963272727,5.809272727,Wall
239,2,2/3/2020-2/23/2020,FMB2859,,,,
240,2,2/3/2020-2/23/2020,FMB2220,elevated,8.461538462,7.615384615,Piles/Columns
241,2,2/3/2020-2/23/2020,FMB2221,not-elevated,0.0,,Slab-on-Grade
